sector,cname,bse_code
Plantation -  Tea and Coffee,,508136
Packaging -  Packaging,B and A Multiwall Packaging Limited,523186
Packaging -  Packaging,B and A Multiwall Packaging Limited,506971
Engineering -  Electronics,B C C Fuba India Limited,517246
Financial Services -  NBFC  -  Small / Medium,B C L Financial Services Limited,11624
Steel -  Steel  -  Others,B C L Forgings Limited,506093
Food Products -  Solvent Extraction,B C L Industries and Infrastructures Limited,524332
Pharmaceuticals -  Bulk Drugs and Formulations,B D H Industries Limited,524828
Power -  Power  -  Others,B F Utilities Limited,532430
Food Products -  Aquaculture,B F Utilities Limited,519500
Financial Services -  Financial Services  -  Others,B L B Limited,532290
Const/Bldg Material -  Construction  -  Housing/Industrial,B L B Limited,532719
Financial Services -  Investment,B N K Capital Markets Limited,500069
Financial Services -  NBFC  -  Small / Medium,B N K Capital Markets Limited,530809
Financial Services -  NBFC  -  Small / Medium,B N K Capital Markets Limited,523019
Real Estate -  Real Estate,B Nanji Enterprises Limited,526594
Chemicals -  Industrial Gases,B Nanji Enterprises Limited,523457
Others,B P Ergo Limited,NA
Others,B P Ergo Limited,73
Consumer Durables -  TV/Audio/VCR,B P L Limited,500074
Consumer Durables -  TV/Audio/VCR,B P L Limited,23429
Consumer Durables -  TV/Audio/VCR,B P L Limited,532123
Others -  Trading,B S I Limited,7070
Textile -  Textiles  -  Others,B S L Limited,514045
Consumer Durables -  White Goods,B S Refrigerators Limited,17222
Consumer Durables -  TV/Audio/VCR,B S T Limited,17248
Mining -  Minerals,B T W Industries Limited,23682
Steel -  Steel  -  Others,B T W Industries Limited,504643
Financial Services -  NBFC  -  Small / Medium,B T W Industries Limited,531268
Media and Entertainment -  Television Software,Baba Arts Limited,532380
Engineering -  Engineering  -  Others,Baffin Engineering Projects Limited,532161
Pharmaceuticals -  Bulk Drugs and Formulations,Bafna Pharmaceuticals Limited,532989
Textile -  Spinning  -  Others,Bafna Spinning Mills & Exports Limited,531733
Dye Stuff -  Dye Stuff,Bafna Spinning Mills & Exports Limited,530197
Cement -  Cement,Bagalkot Udyog Limited,2125
Financial Services -  NBFC  -  Small / Medium,Baid Leasing & Finance Company Limited,511724
Automobiles -  2/3 Wheelers,Baid Leasing & Finance Company Limited,532977
Consumer Durables -  Home Appliances,Bajaj Electricals Limited,500031
Financial Services -  Financial Services  -  Others,Bajaj Finserv Limited,532978
Sugar -  Sugar,Bajaj Hindusthan Limited,500032
Sugar -  Sugar,Bajaj Hindusthan Limited,507500
Others -  Miscella  -  Others,Bakelite Hylam Limited,9423
Others -  Miscella  -  Others,Bakelite Hylam Limited,511395
Textile -  Textiles  -  Others,Bala Techno Industries Limited,514199
Financial Services -  NBFC  -  Small / Medium,Bala Techno Industries Limited,5543
Breweries and Distilleries -  Breweries and Distilleries  -  Others,Balaji Distilleries Limited,500035
Food Products -  Processed Foods,Balaji Foods & Feeds Limited,19291
Steel -  Steel  -  Others,Balaji Galvanising Industries Limited,30205
Tourism / Hotels -  Hotels,Balaji Hotels & Enterprises Limited,30471
Tourism / Hotels -  Hotels,Balaji Hotels & Enterprises Limited,36
Steel -  Steel  -  Others,Balasore Alloys Limited,513142
Steel -  Steel  -  Others,Balasore Alloys Limited-PPS,390123
Packaging -  Packaging,Balasore Alloys Limited-PPS,37
Sugar -  Sugar,Balrampur Chini Mills Limited,500038
Courier and Logistic Services -  Courier and Logistic Services,Balurghat Technologies Limited,520127
Food Products -  Processed Foods,Bambino Agro Industries Limited,519295
Others -  Miscella  -  Others,Banaras Beads Limited,26849
Auto Ancillaries -  Auto Ancillaries  -  Others,Banco Products (India) Limited,500039
Textile -  Composite  -  Readymade Garments,Bang Overseas Limited,532946
Banks -  NationalisedBSE,Bank Of Baroda,590106
Banks -  PrivateBSE,Bank Of Baroda,590106
Banks -  NationalisedBSE,Bank Of Maharashtra,590106
Banks -  NationalisedBSE,Bank Of Maharashtra,590106
Banks -  PrivateBSE,Bank Of Maharashtra,590106
Const/Bldg Material -  Construction  -  Infrastructure,Banka (India) Limited,22157
Textile -  Textiles  -  Others,Banka (India) Limited,532674
Sugar -  Sugar,Banka (India) Limited,500041
Plantation -  Tea and Coffee,Banka (India) Limited,19353
Plantation -  Tea and Coffee,Banka (India) Limited,503722
Cement -  Cement,Banka (India) Limited,532916
Others,Barium Chemicals Limited,6275
Engineering -  Electrical Equipment,Baroda Electric Meters Limited,3956
Engineering -  Electrical Equipment,Baroda Electric Meters Limited,13502
Financial Services -  MFs (Asset Management Companies),Baroda Electric Meters Limited,32232
Financial Services -  MFs (Asset Management Companies),Baroda Electric Meters Limited,32317
Textile -  Other Synthetic Fibres,Baroda Rayon Corporation Limited,270
Others -  Miscella  -  Others,Bartronics India Limited,532694
Agro Inputs -  Nitrogenous/Phosphatic Fertilisers,Basant Agro Tech (India) Limited,524687
sector,cname,bse_code
Const/Bldg Material -  Construction  -  Infrastructure,C & C Constructions Limited,532813
Const/Bldg Material -  Construction  -  Housing/Industrial,C C A P Limited,526839
Plantation -  Tea and Coffee,C C L Products (India) Limited,519600
Others -  Miscella  -  Others,C D R Health Care Limited,23353
Const/Bldg Material -  Building Material  -  Ceramics/Tiles and Sanitaryware,C E R A Sanitaryware Limited,532443
Power -  Generation and Supply,C E R A Sanitaryware Limited,500084
Financial Services -  NBFC  -  Large,C E R A Sanitaryware Limited,511272
"Gems, Jewellery and watches -  Gems, Jewellery and Watches",C G Impex Limited,531932
Tourism / Hotels -  Hotels,C G Impex Limited,532992
Chemicals -  Speciality Chemicals,C J Gelatine Products Limited,507515
Chemicals -  Speciality Chemicals,C J Gelatine Products Limited,31987
IT -  Hardware,C M C Limited,517326
IT -  Hardware,C M C Limited,17330
Power -  Power  -  Equipments,C P E C Limited,505678
Courier and Logistic Services -  Courier and Logistic Services,C R C Carrier Limited,20147
Others -  Miscella  -  Others,C R C Carrier Limited,31943
Engineering -  Engineering  -  Others,C T R Manufacturing Industries Limited,3968
Power -  Power  -  Equipments,C T R Manufacturing Industries Limited,500077
Chemicals -  Carbon Black,Cabot India Limited,6700
Others,Cachar Metals Limited,13305
Food Products -  Food & Dairy Products,Cadbury India Limited,793
Food Products -  Food & Dairy Products,Cadbury India Limited,532321
Food Products -  Food & Dairy Products,Cadbury India Limited,532792
Consumer Durables -  White Goods,Cadbury India Limited,517236
Others,Caldyn Aircon Limited,32186
Oil and Gas -  Refining and Marketing,Cals Refineries Limited,526652
Oil and Gas -  Refining and Marketing,Cals Refineries Limited,532616
IT -  IT Enabled Services,Cambridge Technology Enterprises Limited,532801
Dye Stuff -  Dye Stuff,Camex Limited,524440
Chemicals -  Chemicals  -  Others,Camex Limited,532834
Printing and Stationery -  Printing Ink,Camex Limited,523207
Agro Inputs -  Pesticides,Camson Bio Technologies Limited,590076
Financial Services -  Investment,Camson Bio Technologies Limited,31630
Financial Services -  MFs (Asset Management Companies),Camson Bio Technologies Limited,32146
Financial Services -  MFs (Asset Management Companies),Canstar 1990,11239
Financial Services -  MFs (Asset Management Companies),Canstar 1990,11241
Chemicals -  Inorganic Chemicals,Canstar 1990,31535
Chemicals -  Inorganic Chemicals,Canstar 1990,511505
Chemicals -  Inorganic Chemicals,Canstar 1990,12169
Plastic Processing -  Sheets & Films,Canstar 1990,509486
Chemicals -  Organic Chemicals,Caprolactam Chemicals Limited,7486
Pharmaceuticals -  Bulk Drugs,Caprolactam Chemicals Limited,6887
Engineering -  Abrasives,Caprolactam Chemicals Limited,513375
Engineering -  Forging/Casting,Carnation Industries Limited,530609
Others,Carnation Industries Limited,9495
Consumer Durables -  White Goods,Carnation Industries Limited,79
Healthcare/Hospitals -  Healthcare,Carnation Industries Limited,23254
Steel -  Steel  -  Others,Castron Technologies Limited,6095
Steel -  Steel  -  Others,Castron Technologies Limited,531682
Engineering -  Electronics,Catvision Products Limited,531158
Engineering -  Electronics,Catvision Products Limited,7504
Cement -  Cement,CCL International Limited,531900
IT -  Software  -  Small/Medium,CCL International Limited,532405
IT -  Software  -  Small/Medium,CCL International Limited,500878
IT -  Software  -  Small/Medium,CCL International Limited,530789
Auto Ancillaries -  Transmission and Steering,Ceekay Daikin Limited,505923
Auto Ancillaries -  Transmission and Steering,Ceekay Daikin Limited,514171
Textile -  Composite  -  Readymade Garments,Celebrity Fashions Limited,532695
Chemicals -  Chemicals  -  Others,Celestial Biolabs Limited,532871
Chemicals -  Organic Chemicals,Cellulose Products Of India Limited,6345
Engineering -  Light  -  General,Cellulose Products Of India Limited,522251
Textile -  Textiles  -  Others,Central India Polyesters Limited,99
Others -  Miscella  -  Others,Central Provinces Railways Company Limited,501827
Others -  Miscella  -  Others,Central Provinces Railways Company Limited,509499
Financial Services -  NBFC  -  Small / Medium,Centrum Capital Limited,501150
Financial Services -  NBFC  -  Small / Medium,Centrum Capital Limited,517544
Engineering -  Electronics,Centrum Capital Limited,532956
Banks -  PrivateBSE,Centrum Capital Limited,532956
Textile -  Polyesters,Century Enka Limited,500280
Const/Bldg Material -  Construction and Building Materials  -  Others,Century Enka Limited,31299
Others -  Miscella  -  Others,Century Plyboards (India) Limited,532548
Diversified -  Large,Century Textiles & Industries Limited,500040
Food Products -  Food & Dairy Products,Century Textiles & Industries Limited,24810
IT -  Hardware,Cerebra Integrated Technologies Limited,532413
IT -  Hardware,Cerebra Integrated Technologies Limited,31473
IT -  Software  -  Small/Medium,CG-Vak Software & Exports Limited,531489
Paper -  Paper  -  Small,CG-Vak Software & Exports Limited,31946
sector,cname,bse_code
Const/Bldg Material -  Construction  -  Housing/Industrial,,532334
Batteries -  Batteries  -  Others,,517271
Financial Services -  NBFC  -  Small / Medium,H B Leasing & Finance Company Limited,508956
Others -  Miscella  -  Others,H B Portfolio Limited,532333
Financial Services -  Investment,H B Portfolio Limited,532216
IT -  Software  -  Large,H C L Technologies Limited,532281
Banks -  PrivateBSE,H C L Technologies Limited,532281
Chemicals -  Chlor - alkali,H C L Technologies Limited,530117
Diversified -  Small / Medium,H C L Technologies Limited,23413
Glass -  Glass,Haldyn Glass Gujarat Limited,515147
Non Ferrous Metals -  Aluminium,Hamco Mining & Smelting Limited,176
Non Ferrous Metals -  Aluminium,Hamco Mining & Smelting Limited,3839
Non Ferrous Metals -  Aluminium,Hamco Mining & Smelting Limited,26383
Financial Services -  MFs (Asset Management Companies),Hang Seng BeES - Growth,590113
Financial Services -  MFs (Asset Management Companies),Hang Seng BeES - Growth,514308
Plastic Processing -  Furniture/Thermoware & Home Products,Hansaflon Plasto Chem Limited,26079
Plantation -  Tea and Coffee,Hansaflon Plasto Chem Limited,19580
Plantation -  Tea and Coffee,Hansaflon Plasto Chem Limited,532770
Housing Finance -  Housing Finance,Hansaflon Plasto Chem Limited,31451
IT -  Software  -  Small/Medium,Hansaflon Plasto Chem Limited,31094
Diversified -  Small / Medium,Hardcastle & Waud Mfg Company Limited,509597
Others -  Miscella  -  Others,Hardcastle & Waud Mfg Company Limited,31971
Textile -  Textiles  -  Others,Haria Exports Limited,512604
Others,Harisiddha Trading and Finance Limited,12183
Auto Ancillaries -  Auto Ancillaries  -  Others,Harita Seating Systems Limited,590043
Steel -  Steel  -  Others,Hariyana Metals Limited,6024
Engineering -  Heavy  -  General (CM),Hariyana Ship Breakers Limited,526931
Pharmaceuticals -  Bulk Drugs and Formulations,Harley Street Pharmaceuticals Limited,524082
Plantation -  Plantation  -  Others,Harrisons Malayalam Limited,500467
Petrochemicals -  Petrochemicals  -  Others,Harrisons Malayalam Limited,14370
Others -  Miscella  -  Others,Harvic Management Services (India) Limited,11613
Financial Services -  Investment,Haryana Capfin Limited,532855
Financial Services -  Financial Services  -  Others,Haryana Financial Corporation Limited,530927
Chemicals -  Speciality Chemicals,Haryana Leather Chemicals Limited,524080
Textile -  Textiles  -  Others,Haryana Leather Chemicals Limited,6940
Others -  Miscella  -  Others,Haryana Sheet Glass Limited,15143
Textile -  Textiles  -  Others,Haryana Texprints (Overseas) Limited,14296
Financial Services -  NBFC  -  Small / Medium,Hasti Finance Limited,531387
Media and Entertainment -  Media and Entertainment  -  Others,Hathway Cable and Datacom Limited,533162
Plantation -  Tea and Coffee,Hatigor Tea Estates Limited,31059
Plantation -  Tea and Coffee,Hatigor Tea Estates Limited,531531
Engineering -  Electrical Equipment,Havell`S India Limited,517354
Others -  Miscella  -  Others,Havell`S India Limited,508486
Real Estate -  Real Estate,Hazoor Multi Projects Limited,532467
Engineering -  Engineering  -  Others,Heatshrink Technologies Limited,22130
Steel -  Steel  -  Others,Heera Ispat Limited,26967
Cement -  Cement,HeidelbergCement India Limited,500292
sector,cname,bse_code
Engineering -  Electrical Equipment,,517514
Media and Entertainment -  Publishing,,533151
Real Estate -  Real Estate,D B Realty Limited,533160
Financial Services -  NBFC  -  Small / Medium,D C L Finance Limited,11041
Textile -  Composite  -  Cotton/Blends,D C M Limited,502820
Diversified -  Large,D C M Limited,523367
Diversified -  Large,D C M Shriram Industries Limited,523369
Diversified -  Large,D C M Shriram Industries Limited,500117
Food Products -  Processed Foods,D F M Foods Limited,519588
Financial Services -  Investment,D F M Foods Limited,9695
Financial Services -  Investment,D F M Foods Limited,531306
Pharmaceuticals -  Formulations,D I L Limited,506414
Real Estate -  Real Estate,D I L Limited,532868
IT -  Hardware,D I L Limited,533146
Plantation -  Tea and Coffee,D P I L Limited,8197
Plantation -  Tea and Coffee,D P I L Limited,NA
Textile -  Textiles  -  Others,D R Softech & Industries Limited,21125
Others -  Miscella  -  Others,D R Softech & Industries Limited,26677
Others -  Miscella  -  Others,D R Softech & Industries Limited,523890
Financial Services -  Investment,D R Softech & Industries Limited,9516
IT -  Software  -  Large,D S Q Software Limited,23864
"Automobiles -  Passenger Cars, Utility Vehicles",Daewoo Motors India Limited,100
"Automobiles -  Passenger Cars, Utility Vehicles",Daewoo Motors India Limited,505426
Others -  Miscella  -  Others,Dahyabhai Sons Limited,12113
Dye Stuff -  Dye Stuff,Daikaffil Chemicals India Limited,530825
Financial Services -  Investment,Dalal Street Investments Limited,501148
Cement -  Cement,Dalmia Cement (Bharat) Limited,500097
Cement -  Cement,Dalmia Cement (Bharat) Limited,19393
Textile -  Textiles  -  Others,Damodar Threads Limited,521220
IT -  Software  -  Small/Medium,Danlaw Technologies India Limited,532329
IT -  Software  -  Small/Medium,Danlaw Technologies India Limited,26249
Financial Services -  NBFC  -  Small / Medium,Database Finance Limited,32099
IT -  Hardware,Database Finance Limited,17473
IT -  Software  -  Small/Medium,Datasoft Application Software (India) Limited,26443
IT -  Software  -  Small/Medium,Datasoft Application Software (India) Limited,32171
Financial Services -  Broking and Investment Management,Datasoft Application Software (India) Limited,30171
Chemicals -  Organic Chemicals,Daurala Organics Limited,24256
Textile -  Textiles  -  Others,Daurala Organics Limited,2817
Textile -  Textiles  -  Others,Daurala Organics Limited,590031
Engineering -  Bearings,Deccan Bearings Limited,505703
Media and Entertainment -  Publishing,Deccan Bearings Limited,532608
Media and Entertainment -  Publishing,Deccan Bearings Limited,512068
Packaging -  Packaging,Deccan Polypacks Limited,531989
Const/Bldg Material -  Building Material  -  Ceramics/Tiles and Sanitaryware,Deccan Polypacks Limited,532858
Steel -  Steel  -  Others,Deccan Polypacks Limited,26343
sector,cname,bse_code
Oil and Gas -  Natural gas,G A I L (India) Limited,532155
Financial Services -  NBFC  -  Large,G E Capital Transportation Financial Services Limited,398
Textile -  Textiles  -  Others,G E Capital Transportation Financial Services Limited,521133
Auto Ancillaries -  Auto Ancillaries  -  Others,G E Capital Transportation Financial Services Limited,31399
Engineering -  Light  -  General,G E Capital Transportation Financial Services Limited,505250
Chemicals -  Chlor - alkali,G E Capital Transportation Financial Services Limited,500171
Chemicals -  Chlor - alkali,G E Capital Transportation Financial Services Limited,3488
Chemicals -  Chemicals  -  Others,G E Capital Transportation Financial Services Limited,533212
Auto Ancillaries -  Transmission and Steering,G K N Driveline (India) Limited,20064
Breweries and Distilleries -  Breweries and Distilleries  -  Others,G M Breweries Limited,507488
Power -  Generation and Supply,G M R Infrastructure Limited,532754
IT -  Hardware,G M S Computers India Limited,30599
Telecom -  Telecom Equipment,G R Cables Limited,517564
Others -  Miscella  -  Others,G R Cables Limited,152
Auto Ancillaries -  Auto Ancillaries  -  Others,G R Cables Limited,513059
Textile -  Textiles  -  Others,G R Cables Limited,503738
Engineering -  Telecom Cables,G R Cables Limited,32080
Telecom -  Telecom Equipment,G R Cables Limited,532775
Telecom -  Telecom Equipment,G T L Limited,500160
Telecom -  Telecom Equipment,G T L Limited,523277
Leather & Footwear -  Footwear,G W L Properties Limited,8809
Leather & Footwear -  Footwear,G W L Properties Limited,532139
Leather & Footwear -  Footwear,G W L Properties Limited,505714
Chemicals -  Industrial Gases,G W L Properties Limited,524624
Textile -  Textiles  -  Others,G W L Properties Limited,31196
Auto Ancillaries -  Transmission and Steering,Gajra Bevel Gears Limited,505711
Auto Ancillaries -  Transmission and Steering,Gajra Bevel Gears Limited,504697
Others -  Trading,Galaxy Agrico Exports Limited,31911
Engineering -  Bearings,Galaxy Agrico Exports Limited,526073
Engineering -  Bearings,Galaxy Agrico Exports Limited,511128
Financial Services -  NBFC  -  Small / Medium,Gallops Enterprise Limited,531902
Packaging -  Packaging,Galore Prints Industries Limited,26679
Others -  Miscella  -  Others,Galore Prints Industries Limited,517391
Infrastructure Facilities -  Infrastructure Facilities  -  Others,Galore Prints Industries Limited,532959
Steel -  Steel  -  Others,Gandhi Special Tubes Limited,513108
Steel -  Steel  -  Others,Gandhi Special Tubes Limited,2856
Consumer Durables -  Home Appliances,Gandhimathi Appliances Limited,517421
Consumer Durables -  White Goods,Gandhinagar Electronics Limited,23439
Consumer Durables -  White Goods,Gandhinagar Electronics Limited,530237
Others,Gandhinagar Electronics Limited,11489
Chemicals -  Inorganic Chemicals,Ganesh Benzoplast Limited,500153
Others,Ganesh Foundry & Castings Limited,13448
Financial Services -  NBFC  -  Small / Medium,Ganesh Holdings Limited,4397
Const/Bldg Material -  Construction  -  Housing/Industrial,Ganesh Holdings Limited,526367
Textile -  Textiles  -  Others,Ganesh Polytex Limited,514167
Paper -  Paper  -  Small,Ganesh Polytex Limited,31813
Others,Ganesh Polytex Limited,18093
Steel -  Steel  -  Others,Gangotri Iron & Steel Company Limited,530945
Textile -  Textiles  -  Others,Gangotri Textiles Limited,521176
Textile -  Other Natural Fibres,Garden Silk Mills Limited,500155
Steel -  Steel  -  Others,Garden Silk Mills Limited,530615
Steel -  Steel  -  Others,Garden Silk Mills Limited,14306
Const/Bldg Material -  Construction  -  Housing/Industrial,Garden Silk Mills Limited,526727
IT -  Software  -  Small/Medium,Garnet International Limited,512493
Chemicals -  Chemicals  -  Others,Garodia Chemicals Limited,30161
Others -  Miscella  -  Others,Garware Marine Industries Limited,509563
Packaging -  Packaging,Garware Polyester Limited,500655
Textile -  Textiles  -  Others,Garware Synthetics Limited,14400
Textile -  Textiles  -  Others,Garware Synthetics Limited,509557
Courier and Logistic Services -  Courier and Logistic Services,Garware Synthetics Limited,532622
Courier and Logistic Services -  Courier and Logistic Services,Garware Synthetics Limited,532345
Others -  Starch,Gayatri BioOrganics Limited,524564
Const/Bldg Material -  Construction  -  Infrastructure,Gayatri Projects Limited,532767
Sugar -  Sugar,Gayatri Sugars Limited,532183
Financial Services -  NBFC  -  Small / Medium,Gazi Financial Services & Investments Limited,30195
Financial Services -  NBFC  -  Small / Medium,Gazi Financial Services & Investments Limited,31114
Others,Gee El Woollens Limited,14394
Mining -  Minerals,Gee Gee Granites Limited,15097
Mining -  Minerals,Gee Gee Granites Limited,532764
Financial Services -  NBFC  -  Small / Medium,Geefcee Finance Limited,530389
Others -  Trading,Geekay Exim (India) Limited,23153
Engineering -  Engineering  -  Others,GEI Industrial Systems Limited,530743
Others -  Miscella  -  Others,Gemini Agritech Limited,32125
IT -  Hardware,Gemini Agritech Limited,532318
Engineering -  Machine Tools,Gemini Engi-Fab Limited,NA
Financial Services -  NBFC  -  Small / Medium,Gemstone Investments Limited,531137
Financial Services -  NBFC  -  Small / Medium,Gemstone Investments Limited,4243
Financial Services -  NBFC  -  Small / Medium,Gemstone Investments Limited,506109
Food Products -  Animal Products & Hatcheries,Gemstone Investments Limited,24011
sector,cname,bse_code
Engineering -  Bearings,F A G Bearings India Limited,505790
Others -  Miscella  -  Others,F A L Industries Limited,5705
Financial Services -  NBFC  -  Small / Medium,F C G L Industries Limited,11744
Telecom -  Telecom Equipment,F C I Oen Connectors Limited,4250
Pharmaceuticals -  Bulk Drugs and Formulations,F D C Limited,531599
Steel -  Steel  -  Others,Facor Alloys Limited,532656
Steel -  Long Products,Facor Steels Limited,532657
Financial Services -  NBFC  -  Small / Medium,Fact Enterprise Limited,511668
Auto Ancillaries -  Transmission and Steering,Fact Enterprise Limited,520145
Tyres -  Tyres,Falcon Tyres Limited,509527
Media and Entertainment -  Media and Entertainment  -  Others,Fame India Limited,532631
Media and Entertainment -  Media and Entertainment  -  Others,Fame India Limited,31252
Media and Entertainment -  Media and Entertainment  -  Others,Fame India Limited,532084
Textile -  Textiles  -  Others,Faze Three Limited,530079
IT -  Software  -  Small/Medium,FCS Software Solutions Limited,532666
IT -  Software  -  Small/Medium,FCS Software Solutions Limited,500139
Banks -  PrivateBSE,Federal Bank Limited,500139
Personal Care -  Personal Care Products,Fem Care Pharma Limited,24608
Mining -  Mining  -  Others,Fem Care Pharma Limited,140
Steel -  Steel  -  Others,Fem Care Pharma Limited,500141
Plastic Processing -  Plastic processing  -  Others,Fem Care Pharma Limited,507910
Agro Inputs -  Nitrogenous/Phosphatic Fertilisers,Fem Care Pharma Limited,6443
Others -  Miscella  -  Others,Fics Consultancy Services Limited,508815
sector,cname,bse_code
Engineering -  Engineering  -  Others,E C E Industries Limited,532491
Diversified -  Large,E I D-Parry (India) Limited,500125
Diversified -  Large,E I D-Parry (India) Limited,523127
Engineering -  Light  -  General,E I D-Parry (India) Limited,22078
Others -  Trading,E L F Trading & Chemicals Manufacturing Limited,504387
Steel -  Steel  -  Others,E L Forge Limited,531144
Media and Entertainment -  Television Broadcasting,E L Forge Limited,32615
Financial Services -  NBFC  -  Small / Medium,E-Metals India Limited,31361
Plastic Processing -  Plastic processing  -  Others,E-Metals India Limited,14440
Plastic Processing -  Plastic processing  -  Others,E-Metals India Limited,531533
IT -  Software  -  Large,e.Star Infotech Limited,32417
Real Estate -  Real Estate,East Buldtech Limited,7917
Steel -  Steel  -  Others,East Buldtech Limited,520081
Steel -  Steel  -  Others,East Buldtech Limited,590080
Textile -  Textiles  -  Others,Eastern Silk Industries Limited,590022
Sugar -  Sugar,Eastern Sugar & Industries Limited,507528
Others -  Miscella  -  Others,Eastern Sugar & Industries Limited,531346
Chemicals - SpecialtyBSE,Eastman Chemical Co,531346
Chemicals - SpecialtyBSE,Eastman Chemical Co,532751
Financial Services -  NBFC  -  Small / Medium,Eastman Chemical Co,511074
Financial Services -  NBFC  -  Small / Medium,Eastman Chemical Co,5875
Dye Stuff -  Dye Stuff,Eastman Chemical Co,24568
Dye Stuff -  Dye Stuff,Eastman Chemical Co,532927
Diversified -  Small / Medium,Ecoboard Industries Limited,523732
Packaging -  Packaging,Ecoboard Industries Limited,526703
Financial Services -  Broking and Investment Management,Edelweiss Capital Limited,532922
Financial Services -  Broking and Investment Management,Edelweiss Capital Limited,533055
IT -  Education and Training,Edelweiss Capital Limited,532696
Chemicals - DiversifiedBSE,Edelweiss Capital Limited,532696
Automobiles -  LCVs/HCVs,Eicher Motors Limited,505200
Telecom -  Service Provider,Eicher Motors Limited,17352
Financial Services -  NBFC  -  Small / Medium,Ekam Leasing & Finance Company Limited,30581
Steel -  Steel  -  Others,Ekam Leasing & Finance Company Limited,513452
Chemicals -  Organic Chemicals,Elantas Beck India Limited,500123
Others -  Miscella  -  Others,Elbee Services Limited,26624
Financial Services -  Investment,Elbee Services Limited,503681
Financial Services -  NBFC  -  Small / Medium,Elcon Finlease & Industries Limited,11167
Const/Bldg Material -  Construction  -  Housing/Industrial,Eldeco Housing & Industries Limited,523329
Pharmaceuticals -  Formulations,Eldeco Housing & Industries Limited,524830
Pharmaceuticals -  Bulk Drugs and Formulations,Elder Projects Limited,524788
Engineering -  Heavy  -  General (CM),Elecon Engineering Company Limited,505700
Engineering -  Machine Tools,Electrex (India) Limited,17378
Engineering -  Machine Tools,Electrex (India) Limited,9358
Consumer Durables -  White Goods,Electrolux Kelvinator Limited,23461
Consumer Durables -  White Goods,Electrolux Kelvinator Limited,500128
Others -  Miscella  -  Others,Elegant Floriculture & Agrotech (I) Limited,526473
Mining -  Minerals,Elegant Floriculture & Agrotech (I) Limited,526705
Mining -  Minerals,Elegant Floriculture & Agrotech (I) Limited,24344
sector,cname,bse_code
Engineering -  Electrical Equipment,A B B Limited,500002
Engineering -  Electrical Equipment,A B B Limited,505665
Engineering -  Electrical Equipment,A B B Limited,520123
Plastic Processing -  Furniture/Thermoware & Home Products,A B C O Plastics Limited,26699
Plastic Processing -  Furniture/Thermoware & Home Products,A B C O Plastics Limited,520155
Plastic Processing -  Furniture/Thermoware & Home Products,A B C O Plastics Limited,532682
IT -  Software  -  Small/Medium,A B C O Plastics Limited,531161
IT -  Hardware,A B C O Plastics Limited,517356
Food Products -  Food & Dairy Products,A D F Foods Limited,519183
Food Products -  Food & Dairy Products,A D F Foods Limited,523031
Others,A E C (India) Limited,23080
Engineering -  Engineering Consultancy/Turnkey Services,A E C (India) Limited,532683
Non Ferrous Metals -  Aluminium,A J Brothers Limited,11662
Financial Services -  Investment,A K Capital Services Limited,530499
Steel -  Mild and Alloy Steel Products,A M L Steel Limited,NA
Textile -  Textiles  -  Others,A P M Industries Limited,523537
Textile -  Textiles  -  Others,A P M Industries Limited,590033
Textile -  Textiles  -  Others,A P M Industries Limited,509110
IT -  Software  -  Small/Medium,A S M Technologies Limited,526433
Diversified -  Small / Medium,A T N International Limited,511427
Engineering -  Engineering Consultancy/Turnkey Services,A T N International Limited,500028
Food Products -  Food & Dairy Products,A T N International Limited,31379
Food Products -  Solvent Extraction,A V I Industries Limited,19467
Food Products -  Solvent Extraction,A V I Industries Limited,26267
Food Products -  Solvent Extraction,A V I Industries Limited,519105
Textile -  Textiles  -  Others,Aafloat Textiles (India) Limited,14476
Engineering -  Light  -  General,Aafloat Textiles (India) Limited,22201
Others,Aafloat Textiles (India) Limited,23511
Pharmaceuticals -  Bulk Drugs,Aafloat Textiles (India) Limited,524412
Pharmaceuticals -  Bulk Drugs,Aafloat Textiles (India) Limited,524348
Chemicals -  Organic Chemicals,Aafloat Textiles (India) Limited,524208
Chemicals -  Organic Chemicals,Aafloat Textiles (India) Limited,514274
Others -  Miscella  -  Others,Aasda Life Care Limited,512219
IT -  Peripherals,Aasda Life Care Limited,19319
IT -  Peripherals,Aasda Life Care Limited,31514
Financial Services -  Investment,Aasda Life Care Limited,503673
IT -  Hardware,Aasda Life Care Limited,8987
IT -  Hardware,Aasda Life Care Limited,890090
Pharmaceuticals -  Formulations,Aasda Life Care Limited,500488
Non Ferrous Metals -  Copper,Aasda Life Care Limited,513119
Others -  Miscella  -  Others,Aasda Life Care Limited,30833
Others -  Miscella  -  Others,Aasda Life Care Limited,532057
Textile -  Spinning  -  Cotton (100% EOU),Aasda Life Care Limited,532831
Textile -  Spinning  -  Cotton/Blends,Aasda Life Care Limited,521064
Financial Services -  NBFC  -  Small / Medium,Abirami Financial Services (India) Limited,511756
Cement -  Cement,Abirami Financial Services (India) Limited,500410
IT -  IT Enabled Services,Accel Frontline Limited,532774
IT -  Hardware,Accel Transmatic Limited,517494
IT -  Hardware,Accel Transmatic Limited,531897
IT -  Hardware,Accel Transmatic Limited,31905
Others -  Miscella  -  Others,Ace India Limited,530093
Textile -  Textiles  -  Others,Acil Cotton Industries Limited,530901
Leather & Footwear -  Garment,Acknit Industries Limited,530043
Real Estate -  Real Estate,Acknit Industries Limited,532799
Others -  Miscella  -  Others,ACL Projects Limited,512355
Others -  Miscella  -  Others,ACL Projects Limited,513149
Others -  Miscella  -  Others,Acrysil Limited,524091
Others -  Miscella  -  Others,Acrysil Limited,532762
Financial Services -  Broking and Investment Management,Action Financial Services (India) Limited,511706
IT -  Software  -  Small/Medium,Adam Comsof Limited,26177
IT -  Software  -  Small/Medium,Adam Comsof Limited,512599
IT -  Software  -  Small/Medium,Adam Comsof Limited,533096
Chemicals -  Organic Chemicals,Adarsh Chemicals & Fertilizers Limited,6225
Others -  Miscella  -  Others,Adarsh Chemicals & Fertilizers Limited,526711
Telecom -  Telecom Equipment,Adarsh Chemicals & Fertilizers Limited,523411
Textile -  Textiles  -  Others,Adarsh Chemicals & Fertilizers Limited,507852
Steel -  Steel  -  Others,Adarsh Chemicals & Fertilizers Limited,532727
Textile -  Composite Mills,Adhunik Synthetics Limited,14055
Textile -  Textiles  -  Others,Adhunik Synthetics Limited,14452
Pharmaceuticals -  Pharmaceuticals  -  Others,Adhunik Synthetics Limited,590088
Textile -  Textiles  -  Others,Adinath Textiles Limited,14113
Chemicals -  Chlor - alkali,Adinath Textiles Limited,500057
Financial Services -  Investment,Adinath Textiles Limited,532974
Diversified -  Large,Aditya Birla Nuvo Limited,500303
Engineering -  Forging/Casting,Aditya Birla Nuvo Limited,522150
Auto Ancillaries -  Transmission and Steering,Aditya Gears Limited,31677
Chemicals -  Chemicals  -  Others,Aditya Gears Limited,30693
Steel -  Steel  -  Others,Aditya Ispat Limited,513513
Steel -  Steel  -  Others,Aditya Ispat Limited,14338
Others -  Trading,Ador Fontech Limited,530431
Packaging -  Packaging,Ador Technopack Limited,16076
Packaging -  Packaging,Ador Technopack Limited,517041
Packaging -  Packaging,Ador Technopack Limited,26331
Chemicals -  Speciality Chemicals,Advance Petrochemicals Limited,6947
Financial Services -  NBFC  -  Small / Medium,Advance Powerinfra Tech Limited,31047
IT -  Software  -  Small/Medium,Advance Powerinfra Tech Limited,531429
Pharmaceuticals -  Formulations,Advance Powerinfra Tech Limited,531686
Pharmaceuticals -  Formulations,Aesculapius Remedies Limited,31786
Pharmaceuticals -  Formulations,Aesculapius Remedies Limited,530707
Financial Services -  NBFC  -  Small / Medium,Aesculapius Remedies Limited,503675
Courier and Logistic Services -  Courier and Logistic Services,Agarwal Industrial Corporation Limited,531921
Telecom -  Telecom Equipment,Agarwal Industrial Corporation Limited,500463
Others,Agri-Marine Exports Limited,19536
Food Products -  Solvent Extraction,Agro Tech Foods Limited,500215
Pharmaceuticals -  Bulk Drugs and Formulations,Ahlcon Parenterals (India) Limited,524448
Pharmaceuticals -  Bulk Drugs and Formulations,Ahlcon Parenterals (India) Limited,532811
Chemicals -  Industrial Gases,Ahlcon Parenterals (India) Limited,26735
Engineering -  Forging/Casting,Ahmednagar Forgings Limited,513335
Engineering -  Electrical Equipment,Ahura Welding Electrode Manufacturers Limited,30749
Engineering -  Electrical Equipment,Ahura Welding Electrode Manufacturers Limited,532975
Food Products -  Solvent Extraction,Ajanta Soya Limited,519216
Others -  Miscella  -  Others,Ajcon Global Services Limited,511692
Financial Services -  NBFC  -  Small / Medium,Ajel Infotech Limited,530713
Steel -  Steel  -  Others,Ajmera Realty and Infra India Limited,513349
Packaging -  Packaging,Akar Laminators Limited,5
Engineering -  Machine Tools,Akar Tools Limited,530621
Others -  Trading,Akash Agencies Limited,1413
Plastic Processing -  Plastic processing  -  Others,Akash Agencies Limited,31838
Financial Services -  NBFC  -  Small / Medium,Akash Agencies Limited,26985
Financial Services -  NBFC  -  Small / Medium,Akash Agencies Limited,532351
Chemicals -  Speciality Chemicals,Akzo Nobel Chemicals (India) Limited,82
Paints -  Paints,Akzo Nobel Chemicals (India) Limited,500710
Engineering -  Electronics,Alacrity Electronics Limited,17362
Chemicals -  Inorganic Chemicals,Alang Industrial Gases Limited,31517
Engineering -  Heavy  -  General (CM),Alang Marine Limited,20133
Engineering -  Heavy  -  General (CM),Alang Marine Limited,20133
Engineering -  Heavy  -  General (CM),Alang Marine Limited,524075
Chemicals -  Inorganic Chemicals,Albright & Wilson Chemicals India Limited,506230
Agro Inputs -  Pesticides,Alchemie Organics Limited,24596
Food Products -  Food Products  -  Others,Alchemist Limited,526707
sector,cname,bse_code
,,502241
Food Products -  Processed Foods,I B Infotech Enterprises Limited,19463
Oil and Gas -  Refining and Marketing,I B P Company Limited,198
Financial Services -  NBFC  -  Small / Medium,I C D S Limited,11194
IT -  Software  -  Small/Medium,I C E S Software Limited,17502
Banks -  PrivateBSE,I C I C I Bank Limited,17502
Banks -  PrivateBSE,I C I C I Bank Limited-PPS,17502
Others,I C I C I Home Finance Company Limited,NA
Power -  Power  -  Equipments,I C I C I Home Finance Company Limited,531524
Banks -  PrivateBSE,I D B I Bank Limited (Merged),531524
Chemicals -  Organic Chemicals,I F B Agro Industries Limited,507438
Consumer Durables -  White Goods,I F B Industries Limited,505726
Financial Services -  Financial Institutions,I F B Industries Limited,500106
Engineering -  Refractories,I F G L Refractories Limited,532133
Food Products -  Processed Foods,I F G L Refractories Limited,22289
Financial Services -  NBFC  -  Small / Medium,I K F Finance Limited,530719
IT -  Software  -  Small/Medium,I K F Technologies Limited,532414
Engineering -  Electrical Equipment,I M P Powers Limited,517571
IT -  Internet,I O L Netcom Limited,512185
Engineering -  Fasteners,I S P L Industries Limited,13041
Diversified -  Small / Medium,I S T Limited,508807
Diversified -  Small / Medium,I S T Limited,500875
Telecom -  Telecom Equipment,I T I Limited,523610
Engineering -  Machine Tools,I T I Limited,522183
Engineering -  Engineering  -  Others,I T I Limited,217
Food Products -  Solvent Extraction,I V P Limited,507580
Const/Bldg Material -  Construction  -  Infrastructure,I V R C L Infrastructure & Projects Limited,530773
IT -  Software  -  Small/Medium,i-Power Solutions India Limited,512405
IT -  Software  -  Small/Medium,i-Power Solutions India Limited,30115
Media and Entertainment -  Television Broadcasting,IBN18 Broadcast Limited,532800
Media and Entertainment -  Television Broadcasting,IBN18 Broadcast Limited,390134
Oil and Gas -  Lubricants,Iccon Oil & Specialities Limited,23766
Financial Services -  MFs (Asset Management Companies),Iccon Oil & Specialities Limited,11443
Engineering -  Electronics,Icicon Electronics Limited,26069
Pharmaceuticals -  Formulations,Icon Biopharma and Healthcare Limited,31348
Pharmaceuticals -  Formulations,Icon Biopharma and Healthcare Limited,532835
Telecom -  Service Provider,Idea Cellular Limited,532822
Textile -  Textiles  -  Others,Ideal Carpets Limited,26259
Personal Care -  Personal Care  -  Others,Ideal Optics Limited,31328
Personal Care -  Personal Care  -  Others,Ideal Optics Limited,504375
Financial Services -  NBFC  -  Small / Medium,IFL Promoters Limited,511682
Financial Services -  NBFC  -  Small / Medium,IFSL Limited,31998
Auto Ancillaries -  Auto Ancillaries  -  Others,IFSL Limited,517380
Financial Services -  Broking and Investment Management,IFSL Limited,514238
Financial Services -  Broking and Investment Management,IFSL Limited,533177
Steel -  Steel  -  Others,Impex Ferro Tech Limited,532614
Steel -  Steel  -  Others,Impex Ferro Tech Limited,526610
Mining -  Minerals,Impex Ferro Tech Limited,531129
Mining -  Minerals,Impex Ferro Tech Limited,531672
Mining -  Minerals,Impex Ferro Tech Limited,531025
Others,Incap Financial Services Limited,530887
Engineering -  Electronics,Incap Limited,517370
Engineering -  Heavy  -  General (CM),Incon Engineers Limited,531594
Engineering -  Light  -  General,Incon Engineers Limited,22095
Engineering -  Light  -  General,Incon Engineers Limited,523465
Financial Services -  MFs (Asset Management Companies),Ind Ratna,32059
Others -  Trading,Ind Tra Deco Limited,504336
Textile -  Textiles  -  Others,Ind-Agiv Commerce Limited,517077
Telecom -  Telecom Equipment,Ind-Agiv Commerce Limited,5260
Textile -  Textiles  -  Others,India E-Commerce Limited,31061
Textile -  Textiles  -  Others,India E-Commerce Limited,509684
Chemicals -  Inorganic Chemicals,India E-Commerce Limited,531253
Chemicals -  Organic Chemicals,India Glycols Limited,500201
Financial Services -  NBFC  -  Small / Medium,India Home Loans Limited,530979
Financial Services -  Broking and Investment Management,India Infoline Limited,532636
Others -  Trading,India International Marketing Centre Limited,31053
Financial Services -  NBFC  -  Small / Medium,India Lease Development Limited,500202
Automobiles -  Automobiles  -  Others,India Motor Parts & Accessories Limited,590065
sector,cname,bse_code
Pharmaceuticals -  Bulk Drugs and Formulations,J B Chemicals & Pharmaceuticals Limited,506943
Textile -  Spinning  -  Cotton/Blends,J B F Industries Limited,514034
Auto Ancillaries -  Auto Ancillaries  -  Others,J B M Auto Limited,532605
Others -  Miscella  -  Others,J C L Limited,30335
Consumer Durables -  Picture Tubes,J C L Limited,500222
Dye Stuff -  Dye Stuff,J C L Limited,524592
Chemicals -  Organic Chemicals,J F Laboratories Limited,23804
Financial Services -  NBFC  -  Small / Medium,J G Finance Limited,30963
Personal Care -  Personal Care Products,J G Finance Limited,532771
Personal Care -  Personal Care Products,J G Finance Limited,523062
Textile -  Textiles  -  Others,J G Finance Limited,31839
Cement -  Cement,J G Finance Limited,532644
Financial Services -  NBFC  -  Small / Medium,J K Investo Trade (India) Limited,6515
Financial Services -  NBFC  -  Small / Medium,J K Investo Trade (India) Limited,500380
Financial Services -  NBFC  -  Small / Medium,J K Investo Trade (India) Limited,532162
Sugar -  Sugar,J K Sugar Limited,532519
Sugar -  Sugar,J K Sugar Limited,532940
Const/Bldg Material -  Construction  -  Housing/Industrial,J M C Projects (India) Limited,522263
Const/Bldg Material -  Construction  -  Housing/Industrial,J M C Projects (India) Limited,31765
Media and Entertainment -  Media and Entertainment  -  Others,J M C Projects (India) Limited,511092
Packaging -  Packaging,J M C Projects (India) Limited,523712
Engineering -  Forging/Casting,J M C Projects (India) Limited,31159
Engineering -  Forging/Casting,J M C Projects (India) Limited,530985
Food Products -  Solvent Extraction,J M C Projects (India) Limited,530915
Food Products -  Solvent Extraction,J M C Projects (India) Limited,532745
Others,J S L Industries Limited,4080
Food - Misc/DiversifiedBSE,J S L Industries Limited,4080
Auto Ancillaries -  Auto Ancillaries  -  Equipment,Jagan Lamps Limited,530711
Breweries and Distilleries -  Breweries and Distilleries  -  Others,Jagatjit Industries Limited,507155
Food Products -  Food Products  -  Others,Jagdamba Foods Limited,19578
Textile -  Spinning  -  Cotton/Blends,Jagjanani Textiles Limited,532825
Media and Entertainment -  Publishing,Jagran Prakashan Limited,532705
Media and Entertainment -  Publishing,Jagran Prakashan Limited,520139
Financial Services -  NBFC  -  Small / Medium,Jagran Prakashan Limited,30601
Pharmaceuticals -  Formulations,Jagsonpal Pharmaceuticals Limited,507789
Pharmaceuticals -  Formulations,Jagsonpal Pharmaceuticals Limited,532976
Pharmaceuticals -  Formulations,Jagsonpal Pharmaceuticals Limited,512237
Glass -  Glass,Jai Mata Glass Limited,523467
Textile -  Textiles  -  Others,Jai Mata Industries Limited,14392
Auto Ancillaries -  Auto Ancillaries  -  Others,Jai Mata Industries Limited,20071
Textile -  Textiles  -  Others,Jai Mata Industries Limited,514312
sector,cname,bse_code
,,530357
IT -  Education and Training,,NA
Cement -  Cement,"K C P Limited, The",590066
Textile -  Textiles  -  Others,K C Textiles Limited,2920
Pharmaceuticals -  Bulk Drugs,K C Textiles Limited,532291
Pharmaceuticals -  Bulk Drugs,K C Textiles Limited,30395
Power -  Power  -  Others,K E C International Limited,532714
Textile -  Textiles  -  Others,K E C International Limited,500239
Food Products -  Processed Foods,K E C International Limited,31947
Textile -  Composite  -  Readymade Garments,K G N Industries Limited,531612
Textile -  Composite  -  Readymade Garments,K G N Industries Limited,531609
Financial Services -  Investment,K J M C Financial Services Limited,530235
Financial Services -  Investment,K J M C Global Market (india) Limited,532304
IT -  Software  -  Small/Medium,K L G Systel Limited,531269
Others -  Miscella  -  Others,K L K Electrical Limited,517170
Const/Bldg Material -  Construction  -  Housing/Industrial,K L K Electrical Limited,531578
Const/Bldg Material -  Construction  -  Housing/Industrial,K L K Electrical Limited,11270
Const/Bldg Material -  Construction  -  Infrastructure,K L K Electrical Limited,22189
IT -  Software  -  Small/Medium,K P I T Cummins Infosystems Limited,532400
Textile -  Composite Mills,K P I T Cummins Infosystems Limited,532889
Textile -  Composite Mills,K P I T Cummins Infosystems Limited,530813
Textile -  Composite Mills,K P I T Cummins Infosystems Limited,13181
Media and Entertainment -  Media and Entertainment  -  Others,K Sera Sera Productions Limited,532081
Pharmaceuticals -  Formulations,Kabra Drugs Limited,24322
Mining -  Mining  -  Others,Kabra Drugs Limited,531778
Mining -  Mining  -  Others,Kabra Drugs Limited,530955
Mining -  Mining  -  Others,Kabra Drugs Limited,531780
Financial Services -  NBFC  -  Small / Medium,Kabra Drugs Limited,12147
Const/Bldg Material -  Building Material  -  Ceramics/Tiles and Sanitaryware,Kabra Drugs Limited,500233
Cement -  Cement,Kakatiya Cement Sugar & Industries Limited,500234
Textile -  Textiles  -  Others,Kakatiya Cement Sugar & Industries Limited,521054
IT -  Software  -  Small/Medium,Kale Consultants Limited,532268
Engineering -  Heavy  -  General (CM),Kalindee Rail Nirman (Engineers) Limited,522259
Engineering -  Heavy  -  General (CM),Kalindee Rail Nirman (Engineers) Limited,9034
"Gems, Jewellery and watches -  Gems, Jewellery and Watches",Kalpena Plastiks Limited,523652
Paper -  Paper  -  Large,Kalpena Plastiks Limited,590036
Engineering -  Forging/Casting,Kalpena Plastiks Limited,513509
Food Products -  Solvent Extraction,Kalpena Plastiks Limited,26809
Steel -  Mild and Alloy Steel Products,Kalyani Steels Limited,500235
Cement -  Cement,Kalyanpur Cements Limited,502150
Plastic Processing -  Plastic processing  -  Others,Kalyanpur Cements Limited,532468
Textile -  Textiles  -  Others,Kalyanpur Cements Limited,514322
Others -  Trading,Kamal Overseas Limited,31850
Plantation -  Tea and Coffee,Kamal Overseas Limited,30529
Others,Kamal Overseas Limited,1314
Const/Bldg Material -  Construction  -  Housing/Industrial,Kamal Overseas Limited,511131
Chemicals -  Inorganic Chemicals,Kamar Chemicals & Industries Limited,31001
Tourism / Hotels -  Resorts,Kamat Hotels (India) Limited,526668
Financial Services -  Investment,Kampani Consultants Limited,508853
Steel -  Steel  -  Others,Kamper Concast Limited,31475
Others,Kamron Laboratories Limited,24604
Others,Kamron Laboratories Limited,506184
Others,Kamron Laboratories Limited,530165
Others,Kamron Laboratories Limited,30603
Chemicals -  Chlor - alkali,Kamron Laboratories Limited,506525
sector,cname,bse_code
IT -  Education and Training,L C C Infotech Limited,32019
Textile -  Textiles  -  Others,L D Textile Industries Limited,2954
Others -  Miscella  -  Others,L G B Forge Limited,533007
Engineering -  Engineering  -  Others,L G Balakrishnan & Bros Limited,500250
Housing Finance -  Housing Finance,L G Balakrishnan & Bros Limited,500253
Financial Services -  Financial Services  -  Others,L G Balakrishnan & Bros Limited,507912
Textile -  Textiles  -  Others,L G Balakrishnan & Bros Limited,530745
Textile -  Textiles  -  Others,L G Balakrishnan & Bros Limited,14446
Food Products -  Processed Foods,L T Foods Limited,532783
Textile -  Textiles  -  Others,L W S Knitwear Limited,31402
Textile -  Textiles  -  Others,L W S Knitwear Limited,15099
Const/Bldg Material -  Construction  -  Housing/Industrial,Labh Construction And Industries Limited,30339
Pharmaceuticals -  Bulk Drugs,Lactose (India) Limited,524202
Financial Services -  NBFC  -  Small / Medium,Lactose (India) Limited,530577
Chemicals -  Speciality Chemicals,Laffans Petrochemicals Limited,524522
Chemicals -  Speciality Chemicals,Laffans Petrochemicals Limited,505302
Financial Services -  NBFC  -  Small / Medium,Lakshmi Finance & Industrial Corporation Limited,NA
Engineering -  Textile Machinery,Lakshmi Finance & Industrial Corporation Limited,500252
Textile -  Textiles  -  Others,Lakshmi Mills Company Limited,502958
Engineering -  Fasteners,Lakshmi Precision Screws Limited,506079
Engineering -  Fasteners,Lakshmi Precision Screws Limited,14146
Engineering -  Fasteners,Lakshmi Precision Screws Limited,12537
Banks -  PrivateBSE,Lakshmi Precision Screws Limited,12537
Banks -  PrivateBSE,Lakshmi Precision Screws Limited,11529
Plastic Processing -  Tubes Pipes & Fittings,Lalit Polymers & Electronics Limited,24250
Financial Services -  Investment,Lalphul Investments Limited,503659
sector,cname,bse_code
Cement -  Cement,O C L India Limited,502165
Steel -  Steel  -  Others,O C L India Limited,533008
IT -  Hardware,O R G Informatics Limited,517195
Others -  Miscella  -  Others,Oasis Securities Limited,512489
IT -  Software  -  Small/Medium,Octant Interactive Technologies Limited,590090
Financial Services -  Investment,Octant Interactive Technologies Limited,26895
Financial Services -  Investment,Octant Interactive Technologies Limited,531996
IT -  Software  -  Small/Medium,Octant Interactive Technologies Limited,530175
Media and Entertainment -  Media and Entertainment  -  Others,Odyssey Video Communications Limited,17465
Oil and Gas -  Exploration and Production,Oil & Natural Gas Corporation Limited,500312
Oil and Gas -  Exploration and Production,Oil & Natural Gas Corporation Limited,533106
Mining -  Mining  -  Others,Ojas Technochem Products Limited,26427
Financial Services -  Investment,Olympia Capitals Limited,11674
Textile -  Textiles  -  Others,Olympia Industries Limited,21105
Others,Olympic Management & Financial Services Limited,11632
Food Products -  Food Products  -  Others,Olympic Oil Industries Limited,507609
Steel -  Flat Products,OM Metals Infraprojects Limited,531092
Financial Services -  Investment,OM Metals Infraprojects Limited,30489
Auto Ancillaries -  Auto Ancillaries  -  Others,Omax Autos Limited,520021
Pharmaceuticals -  Formulations,Omega Laboratories Limited,24406
Others -  Trading,Omega Laboratories Limited,531496
Pharmaceuticals -  Bulk Drugs,Omega Laboratories Limited,532167
Dye Stuff -  Dye Stuff,Omni Dye-Chem Exports Limited,24384
sector,cname,bse_code
,,13291
sector,cname,bse_code
Financial Services -  NBFC  -  Small / Medium,N C C Finance Limited,531452
Financial Services -  NBFC  -  Small / Medium,N C C Finance Limited,502168
Financial Services -  NBFC  -  Small / Medium,N C L Research & Financial Services Limited,30557
Others -  Miscella  -  Others,N C L Research & Financial Services Limited,32196
Food Products -  Food Products  -  Others,N E P C Agro Foods Limited,452
Power -  Power  -  Others,N E P C India Limited,500301
Power -  Power  -  Others,N E P C India Limited,21192
Healthcare/Hospitals -  Healthcare,N G Industries Limited,530897
Pharmaceuticals -  Bulk Drugs,N G L Fine-Chem Limited,524774
IT -  Education and Training,N I I T Limited,500304
IT -  Education and Training,N I I T Limited,532541
Food Products -  Solvent Extraction,N K Industries Limited,519494
Financial Services -  NBFC  -  Small / Medium,N P R Finance Limited,530127
Financial Services -  NBFC  -  Small / Medium,N P R Finance Limited,530367
Diversified -  Small / Medium,N R C Limited,503780
Steel -  Steel  -  Others,N R C Limited,532623
Textile -  Textiles  -  Others,Nachmo Knitex Limited,14328
Others -  Miscella  -  Others,Nagarjuna Agri Tech Limited,531832
Agro Inputs -  Pesticides,Nagarjuna Agrichem Limited,524709
Const/Bldg Material -  Construction  -  Infrastructure,Nagarjuna Agrichem Limited,500294
Pharmaceuticals -  Bulk Drugs,Nagarjuna Drugs Limited,30064
Pharmaceuticals -  Bulk Drugs,Nagarjuna Drugs Limited,500075
Agro Inputs -  Pesticides,Nagarjuna Finance Limited,6129
Financial Services -  Broking and Investment Management,Nagreeka Capital & Infrastructure Limited,532895
Textile -  Textiles  -  Others,Nagreeka Capital & Infrastructure Limited,521109
Financial Services -  Financial Services  -  Others,Nagreeka Capital & Infrastructure Limited,532952
Diversified -  Small / Medium,Nahar International Limited,4888
Textile -  Spinning  -  Cotton/Blends,Nahar International Limited,500296
Sugar -  Sugar,Nahar Sugar & Allied Industries Limited,7492
Engineering -  Electronics,Nahar Sugar & Allied Industries Limited,26831
Others,Nahar Sugar & Allied Industries Limited,31365
Others,Nahar Sugar & Allied Industries Limited,521030
Financial Services -  NBFC  -  Small / Medium,Nalin Lease Finance Limited,531212
Financial Services -  NBFC  -  Small / Medium,Nalwa Sons Investments Limited,532256
Others -  Miscella  -  Others,Namaste Exports Limited,26059
Sugar -  Sugar,Naraingarh Sugar Mills Limited,31457
Breweries and Distilleries -  Breweries and Distilleries  -  Others,Narang Industries Limited,23317
Food Products -  Solvent Extraction,Narang Industries Limited,7652
Food Products -  Solvent Extraction,Narang Industries Limited,2162
Chemicals -  Organic Chemicals,Narang Industries Limited,24650
Chemicals -  Organic Chemicals,Narang Industries Limited,526739
Plastic Processing -  Plastic processing  -  Others,Narmada Macplast Drip Irrigation Systems Limited,17431
Others,Nashville Investment & Trading Company Limited,NA
Pharmaceuticals -  Formulations,Natco Pharma Limited,524816
Paper -  Paper  -  Small,Nath Pulp & Paper Mills Limited,502407
Food Products -  Food & Dairy Products,Nath Seeds Limited,26576
Non Ferrous Metals -  Aluminium,Nath Seeds Limited,532234
Auto Ancillaries -  Transmission and Steering,Nath Seeds Limited,20069
Agro Inputs -  Nitrogenous/Phosphatic Fertilisers,Nath Seeds Limited,523630
Agro Inputs -  Nitrogenous/Phosphatic Fertilisers,Nath Seeds Limited,31903
Steel -  Steel  -  Others,Nath Seeds Limited,531651
Others,National Highways Authority Of India,NA
Others,National Highways Authority Of India,507813
Chemicals -  Inorganic Chemicals,National Peroxide Limited,500298
Plastic Processing -  Furniture/Thermoware & Home Products,National Peroxide Limited,526616
sector,cname,bse_code
Auto Ancillaries -  Auto Ancillaries  -  Others,P A E Limited,517230
Auto Ancillaries -  Auto Ancillaries  -  Others,P A E Limited,24792
Food Products -  Animal Products & Hatcheries,P F L Infotech Limited,531769
Non Ferrous Metals -  Aluminium,P G Foils Limited,526747
Mining -  Minerals,P G Foils Limited,31281
Others -  Miscella  -  Others,P G Foils Limited,500143
Others -  Miscella  -  Others,P H I L Corporation Limited,458
Others -  Miscella  -  Others,P H I L Corporation Limited,523642
Steel -  Steel  -  Others,P H I L Corporation Limited,512161
Steel -  Steel  -  Others,P M Telelinnks Limited,513403
Financial Services -  Financial Services  -  Others,P N B Gilts Limited,532366
Cement -  Cement,P R Cements Limited,18042
Engineering -  Engineering Consultancy/Turnkey Services,P S L Limited,526801
Textile -  Textiles  -  Others,Pacific Cotspin Limited,531118
Mining -  Minerals,Pacific Cotspin Limited,523483
Packaging -  Packaging,Pacific Cotspin Limited,23702
Packaging -  Packaging,Pacific Cotspin Limited,531395
Media and Entertainment -  Television Software,Pacific Cotspin Limited,532350
Others -  Miscella  -  Others,Padmanabh Alloys & Polymers Limited,31779
Packaging -  Packaging,Padmanabh Alloys & Polymers Limited,321
Textile -  Composite  -  Readymade Garments,Page Industries Limited,532827
Chemicals -  Organic Chemicals,Page Industries Limited,24178
Chemicals -  Organic Chemicals,Page Industries Limited,511306
IT -  Software  -  Small/Medium,Palsoft Infosystems Limited,11597
Breweries and Distilleries -  Breweries and Distilleries  -  Others,Palsoft Infosystems Limited,23497
Paper -  Paper Products,Pamwi Tissues Limited,2577
Paper -  Paper Products,Pamwi Tissues Limited,13634
Pharmaceuticals -  Bulk Drugs and Formulations,Pamwi Tissues Limited,31440
Pharmaceuticals -  Bulk Drugs and Formulations,Pamwi Tissues Limited,517397
IT -  Software  -  Small/Medium,Pan India Corporation Limited,511525
Tourism / Hotels -  Hotels,Pan India Resort & Land Development Limited,31520
Pharmaceuticals -  Formulations,Pan India Resort & Land Development Limited,531349
Chemicals -  Speciality Chemicals,Pan India Resort & Land Development Limited,524820
Consumer Durables -  TV/Audio/VCR,Pan India Resort & Land Development Limited,32176
Engineering -  Electrical Equipment,Pan India Resort & Land Development Limited,508941
Consumer Durables -  Home Appliances,Panasonic Home Appliances India Company Limited,523307
Cement -  Cement,Panchmahal Cement Limited,2070
Steel -  Steel  -  Others,Panchmahal Steel Limited,513511
Steel -  Steel  -  Others,Panchmahal Steel Limited,531726
Pharmaceuticals -  Formulations,Panjon Limited,26345
Packaging -  Packaging,Pankaj Polymers Limited,531280
Others -  Miscella  -  Others,Pankaj Polymers Limited,531816
Textile -  Textiles  -  Others,Pantaloon Industries Limited,21153
Retail -  Retail,Pantaloon Retail (India) Limited,523574
Packaging -  Packaging,Panther Industrial Products Limited,524055
Packaging -  Packaging,Panther Industrial Products Limited,500322
Packaging -  Packaging,Panther Industrial Products Limited,509820
Agro Inputs -  Pesticides,Paraan Limited,506159
Agro Inputs -  Pesticides,Paraan Limited,533211
Financial Services -  NBFC  -  Small / Medium,Paragon Finance Limited,531255
Financial Services -  NBFC  -  Small / Medium,Paragon Finance Limited,30791
Telecom -  Telecom Equipment,Paragon Finance Limited,530555
Personal Care -  Personal Care  -  Others,Paramount Cosmetics (India) Limited,507970
Steel -  Steel  -  Others,Paramount Cosmetics (India) Limited,13062
Textile -  Textiles  -  Others,Paras Petrofils Limited,521246
Textile -  Textiles  -  Others,Paras Petrofils Limited,11082
Others,Parasrampuria Synthetics Limited,14017
Others,Parasrampuria Synthetics Limited,501482
Pharmaceuticals -  Formulations,Parasrampuria Synthetics Limited,524689
Financial Services -  Investment,Parichay Investments Limited,505525
Financial Services -  Investment,Parichay Investments Limited,12087
Financial Services -  Investment,Parichay Investments Limited,524628
Plantation -  Tea and Coffee,Parichay Investments Limited,8184
Others -  Miscella  -  Others,Parsharti Investment Limited,511702
Real Estate -  Real Estate,Parsharti Investment Limited,532780
Real Estate -  Real Estate,Parsharti Investment Limited,4860
Auto Ancillaries -  Auto Ancillaries  -  Equipment,Parth Industries Limited,26349
Auto Ancillaries -  Auto Ancillaries  -  Equipment,Parth Industries Limited,521080
Auto Ancillaries -  Auto Ancillaries  -  Equipment,Parth Industries Limited,31005
Engineering -  Power Cables,Parth Industries Limited,31662
Engineering -  Power Cables,Parth Industries Limited,26353
Food Products -  Food Products  -  Others,Passari Cellulose Limited,530923
Textile -  Textiles  -  Others,Passari Cellulose Limited,500456
Textile -  Textiles  -  Others,Passari Cellulose Limited,31740
Engineering -  Engineering Consultancy/Turnkey Services,Patel Engineering Limited,531120
Others -  Miscella  -  Others,Patel Integrated Logistics Limited,526381
Engineering -  Light  -  General,Patels Airtemp (I) Limited,517417
Others,Patel`s Widecom (India) Limited,17364
Engineering -  Forging/Casting,Patheja Forgings & Auto-Parts Manufacturers Limited,326
Pharmaceuticals -  Bulk Drugs,Patidar Buildcon Limited,24031
IT -  Software  -  Large,Patni Computer Systems Limited,532517
Textile -  Spinning  -  Cotton (100% EOU),Patspin India Limited,514326
Chemicals -  Speciality Chemicals,Paushak Limited,532742
Const/Bldg Material -  Construction  -  Infrastructure,PBA Infrastructure Limited,532676
sector,cname,bse_code
Plastic Processing -  Plastic processing  -  Others,M B Industries Limited,26863
Textile -  Textiles  -  Others,M B Industries Limited,514242
Pharmaceuticals -  Formulations,M B Industries Limited,7751
Chemicals -  Speciality Chemicals,M K Aromatics Limited,31011
Chemicals -  Speciality Chemicals,M K Aromatics Limited,509196
Agro Inputs -  Nitrogenous/Phosphatic Fertilisers,M P Agro Industries Limited,506543
Others,M P Agro Industries Limited,6822
Others,M P Agro Industries Limited,532440
Engineering -  Telecom Cables,M P Telelinks Limited,31326
Tyres -  Tyres,M P Telelinks Limited,500290
Tyres -  Tyres,M P Telelinks Limited,13242
Tyres -  Tyres,M P Telelinks Limited,NA
Textile -  Textiles  -  Others,M P Telelinks Limited,512424
IT -  Software  -  Small/Medium,M Y M Technologies Limited,31843
IT -  Software  -  Small/Medium,M Y M Technologies Limited,31792
Tourism / Hotels -  Hotels,M Y M Technologies Limited,507836
Others -  Miscella  -  Others,Mackinnon Mackenzie & Company Limited,1874
Others -  Trading,Macro (International) Exports Limited,12600
Mining -  Minerals,Madhav Marble & Granites Limited,515093
Const/Bldg Material -  Construction  -  Infrastructure,Madhucon Projects Limited,531497
Financial Services -  NBFC  -  Small / Medium,Madhucon Projects Limited,11638
Financial Services -  NBFC  -  Small / Medium,Madhucon Projects Limited,515059
Others -  Miscella  -  Others,Madhucon Projects Limited,11000
Paper -  Paper  -  Large,Madhya Desh Papers Limited,531436
Non Ferrous Metals -  Aluminium,Madras Aluminium Company Limited,4580
Cement -  Cement,Madras Cements Limited,500260
Agro Inputs -  Nitrogenous/Phosphatic Fertilisers,Madras Fertilizers Limited,32168
Others -  Miscella  -  Others,Madras Fertilizers Limited,17304
Oil and Gas -  Lubricants,Madras Petro Chem Limited,261
Textile -  Spinning  -  Others,Madras Petro Chem Limited,90
IT -  Software  -  Small/Medium,Maestros Mediline Systems Limited,501209
Oil and Gas -  Lubricants,Mafatlal Lubricants limited,20149
Others -  Miscella  -  Others,Mafatlal Lubricants limited,512351
Auto Ancillaries -  Auto Ancillaries  -  Others,Mafatlal Lubricants limited,531972
Financial Services -  NBFC  -  Small / Medium,Mafatlal Lubricants limited,524000
Financial Services -  NBFC  -  Small / Medium,Mafatlal Lubricants limited,517449
Financial Services -  NBFC  -  Small / Medium,Magnum Limited,530347
Paper -  Paper  -  Small,Magnum Ventures Limited,532896
Financial Services -  NBFC  -  Small / Medium,Maha Rashtra Apex Corporation Limited,23384
Financial Services -  NBFC  -  Small / Medium,Maha Rashtra Apex Corporation Limited,12539
Food Products -  Solvent Extraction,Maha Rashtra Apex Corporation Limited,19504
Textile -  Textiles  -  Others,Mahaganesh Texpro Limited,21139
Textile -  Textiles  -  Others,Mahaganesh Texpro Limited,514450
Financial Services -  Investment,Mahaganesh Texpro Limited,11187
Others -  Trading,Mahaganesh Texpro Limited,531515
Telecom -  Service Provider,Mahanagar Telephone Nigam Limited,500108
Financial Services -  NBFC  -  Small / Medium,Mahanivesh (India) Limited,30441
Financial Services -  NBFC  -  Small / Medium,Mahanivesh (India) Limited,6871
Financial Services -  NBFC  -  Small / Medium,Maharashtra Overseas Limited,505523
Automobiles -  2/3 Wheelers,Maharashtra Scooters Limited,500266
Automobiles -  2/3 Wheelers,Maharashtra Scooters Limited,500265
Others -  Miscella  -  Others,Mahashree Trading Limited,512337
Others -  Trading,Mahavir Impex Limited,31664
Cement -  Cement,Mahavir Impex Limited,18079
Cement -  Cement,Mahavir Impex Limited,6041
Textile -  Textiles  -  Others,Maheshwari Mills Limited,2991
Financial Services -  NBFC  -  Large,Mahindra & Mahindra Financial Services Limited,532720
Automobiles -  Tractors,Mahindra & Mahindra Financial Services Limited,500520
Real Estate -  Real Estate,Mahindra Lifespace Developers Limited,532313
IT -  Software  -  Large,Mahindra Satyam Limited,500376
IT -  Software  -  Large,Mahindra Satyam Limited,504823
Textile -  Textiles  -  Others,Maikaal Fibres Limited,14380
Automobiles -  2/3 Wheelers,Maikaal Fibres Limited,500267
Steel -  Steel  -  Others,Majestic Industries Limited,26857
Const/Bldg Material -  Building Material  -  Asbestos/Cement Products,Majestic Industries Limited,7874
Others -  Trading,Malabar Trading Company Limited,501473
Others -  Trading,Malabar Trading Company Limited,448
Steel -  Steel  -  Others,Malhotra Steel Industries Limited,13601
Others,Malhotra Steel Industries Limited,12207
Paper -  Paper  -  Small,Malu Paper Mills Limited,532728
Steel -  Tubes and Pipes,Malu Paper Mills Limited,513269
Const/Bldg Material -  Construction  -  Infrastructure,Man Infraconstruction Limited,533169
Petrochemicals -  Petrochemicals,Manali Petrochemical Limited,500268
Petrochemicals -  Petrochemicals,Manali Petrochemical Limited,531213
Others,Manav Pharma Limited,24390
Engineering -  Engineering  -  Others,Mandovi Pellets Limited,9749
Steel -  Steel  -  Others,Mandsaur Ferro Alloys Limited,13359
Mining -  Minerals,Mandu Industries Limited,31828
Others -  Miscella  -  Others,Mangalam Timber Products Limited,516007
Textile -  Textiles  -  Others,Mangalam Timber Products Limited,514492
Agro Inputs -  Nitrogenous/Phosphatic Fertilisers,Mangalore Chemicals & Fertilzers Limited,530011
Oil and Gas -  Refining and Marketing,Mangalore Refinery & Petrochemicals Limited,500109
Others -  Miscella  -  Others,Mangalwedhe Sun-Soya Limited,23834
IT -  Software  -  Small/Medium,Mangalya Soft-Tech Limited,530243
IT -  Software  -  Small/Medium,Mangalya Soft-Tech Limited,507938
IT -  Software  -  Small/Medium,Mangalya Soft-Tech Limited,NA
Packaging -  Packaging,Manjushree Technopack Limited,532950
Housing Finance -  Housing Finance,Manraj Housing Finance Limited,530537
Financial Services -  NBFC  -  Small / Medium,Mansi Finance (Chennai) Limited,511758
Financial Services -  NBFC  -  Small / Medium,Mansi Finance (Chennai) Limited,19189
sector,cname,bse_code
,,526723
Food Products -  Food Products  -  Others,R E I Agro Limited,532106
Const/Bldg Material -  Construction  -  Housing/Industrial,R E I Agro Limited,509845
Food Products -  Food & Dairy Products,R E I Agro Limited,19375
Engineering -  Telecom Cables,R P G Cables Limited,17056
Others -  Miscella  -  Others,R R Financial Consultants Limited,511626
Others,R R K Securities Limited,30917
Steel -  Steel  -  Others,R R K Securities Limited,31700
Others -  Miscella  -  Others,R R K Securities Limited,32279
Textile -  Textiles  -  Others,R S L Textiles (India) Limited,32463
Textile -  Textiles  -  Others,R S L Textiles (India) Limited,24691
IT -  Software  -  Small/Medium,R S Software (India) Limited,517447
IT -  Software  -  Small/Medium,R S Software (India) Limited,531552
Others,Raaj Medisafe India Limited,24502
Steel -  Steel  -  Others,Raajratna Metal Industries Limited,30507
Others -  Miscella  -  Others,Raashi Fertilisers Limited,24009
Others -  Miscella  -  Others,Raashi Fertilisers Limited,511153
Engineering -  Refractories,Raasi Refractories Limited,502271
Plastic Processing -  Furniture/Thermoware & Home Products,Raasi Refractories Limited,31712
Media and Entertainment -  Television Broadcasting,Raasi Refractories Limited,590070
Packaging -  Packaging,Radha Madhav Corporation Limited,532692
Const/Bldg Material -  Construction  -  Housing/Industrial,Radha Madhav Corporation Limited,531273
Textile -  Textiles  -  Others,Radha Madhav Corporation Limited,21252
Packaging -  Packaging,Radiant Rotogravure Limited,31526
Financial Services -  NBFC  -  Small / Medium,Radiant Showbiz Limited,31512
Infrastructure Facilities -  Infrastructure Facilities  -  Others,Radico Khaitan Limited,532497
Financial Services -  NBFC  -  Small / Medium,Raghav Industries Limited,526465
Const/Bldg Material -  Construction  -  Housing/Industrial,Raghava Estates and Properties Limited,31627
Others,Raghava Estates and Properties Limited,18077
Textile -  Textiles  -  Others,Raghava Estates and Properties Limited,514316
Textile -  Textiles  -  Others,Raghava Estates and Properties Limited,31412
Others,Rahul Dairy & Allied Products Limited,19415
Textile -  Textiles  -  Others,Rahul Dairy & Allied Products Limited,530047
Real Estate -  Real Estate,Rahul Dairy & Allied Products Limited,531694
Paper -  Paper  -  Small,Rainbow Papers Limited,523523
Chemicals -  Speciality Chemicals,Raj Agro Mills Limited,530291
Chemicals -  Speciality Chemicals,Raj Agro Mills Limited,13406
Textile -  Textiles  -  Others,Raj Rayon Limited,530699
Textile -  Textiles  -  Others,Raj Rayon Limited,532826
Textile -  Textiles  -  Others,Raja Bahadur International Limited,3127
Others,Raja Bahadur International Limited,19303
Textile -  Spinning  -  Cotton/Blends,Rajapalayam Mills Limited,532503
Oil and Gas -  Oil and Gas  -  Others,Rajasthan Gases Limited,26873
Textile -  Textiles  -  Others,Rajasthan Gases Limited,6975
Textile -  Textiles  -  Others,Rajasthan Polyesters Limited,14073
Financial Services -  NBFC  -  Small / Medium,Rajath Finance Limited,507962
Others -  Trading,Rajath Finance Limited,526662
Others -  Miscella  -  Others,Rajendra Mining Spares Company Limited,30225
Food Products -  Solvent Extraction,Rajendra Mining Spares Company Limited,19514
Food Products -  Solvent Extraction,Rajendra Mining Spares Company Limited,513369
Textile -  Textiles  -  Others,Rajendra Mining Spares Company Limited,14430
Sugar -  Sugar,Rajshree Sugars & Chemicals Limited,500354
Pharmaceuticals -  Formulations,Rajshri Forex Limited,24484
Agro Inputs -  Pesticides,Rajshri Forex Limited,500355
Agro Inputs -  Pesticides,Rajshri Forex Limited,530951
Agro Inputs -  Pesticides,Rajshri Forex Limited,522281
Paper -  Paper  -  Large,Rama Newsprint & Papers Limited,500356
Paper -  Paper  -  Large,Rama Paper Mills Limited,500357
Petrochemicals -  Petrochemicals,Rama Petrochemicals Limited,500358
Paper -  Paper  -  Small,Rama Pulp & Papers Limited,502587
sector,cname,bse_code
,,522294
,,532284
Financial Services -  NBFC  -  Large,,501242
Courier and Logistic Services -  Courier and Logistic Services,T C I Limited,532262
Chemicals -  Chemicals  -  Others,T C I Limited,530967
Chemicals -  Inorganic Chemicals,T C M Limited,524156
IT -  IT  -  Others,T C S e-Serve Limited,9028
Chemicals -  Organic Chemicals,T E C I L Chemical & Hydro Power Limited,6680
Others,T G F Media Systems Limited,526483
Engineering -  Heavy  -  General (CM),T I L Limited,505196
Others,T M T (India) Limited,22171
Packaging -  Packaging,T M T (India) Limited,421
Plastic Processing -  Plastic processing  -  Others,T M T (India) Limited,526582
Financial Services -  NBFC  -  Small / Medium,T R C Financial Services Limited,511730
Engineering -  Heavy  -  General (CM),T R C Financial Services Limited,505854
IT -  Software  -  Small/Medium,T Spiritual World Limited,532444
Engineering -  Heavy  -  General (CM),T T G Industries Limited,22185
Others -  Miscella  -  Others,T T K Biomed Limited,8871
Pharmaceuticals -  Formulations,T T K Healthcare Limited,507747
Pharmaceuticals -  Formulations,T T K Healthcare Limited,517506
Pharmaceuticals -  Formulations,T T K Healthcare Limited,514142
Auto Ancillaries -  Engine Parts,T V S Autolec Limited,20101
IT -  Peripherals,T V S Electronics Limited,532513
Financial Services -  NBFC  -  Small / Medium,T V S Finance and Services Limited,32319
Automobiles -  2/3 Wheelers,T V S Finance and Services Limited,532343
Tyres -  Tyres,T V S Srichakra Limited,509243
Media and Entertainment -  Television Broadcasting,T V S Srichakra Limited,532515
Textile -  Textiles  -  Others,T V S Srichakra Limited,14464
Plastic Processing -  Sheets & Films,T V S Srichakra Limited,507785
Tourism / Hotels -  Hotels,Taj G V K Hotels & Resorts Limited,532390
Tourism / Hotels -  Hotels,Taj G V K Hotels & Resorts Limited,505850
Tourism / Hotels -  Hotels,Taj G V K Hotels & Resorts Limited,505160
Healthcare/Hospitals -  Healthcare,Taj G V K Hotels & Resorts Limited,533200
Financial Services -  Investment,Taj G V K Hotels & Resorts Limited,533170
Financial Services -  Investment,Taj G V K Hotels & Resorts Limited,531426
Textile -  Textiles  -  Others,Tamilnadu Jai Bharath Mills Limited,521038
Petrochemicals -  Petrochemicals  -  Others,Tamilnadu Petroproducts Limited,500777
Steel -  Steel  -  Others,Tamilnadu Steel Tubes Limited,513540
Engineering -  Telecom Cables,Tamilnadu Telecommunications Limited,523419
Aviation -  Aviation,Tamilnadu Telecommunications Limited,522229
Non Ferrous Metals -  Aluminium,Tanfac Industries Limited,506854
IT -  Software  -  Small/Medium,Tanla Solutions Limited,532790
Const/Bldg Material -  Construction  -  Infrastructure,Tanla Solutions Limited,532738
Food Products -  Processed Foods,Tarai Foods Limited,519285
Power -  Power  -  Equipments,Tarai Foods Limited,533203
Power -  Power  -  Equipments,Tarai Foods Limited,512271
Others -  Miscella  -  Others,Tata Advanced Materials Limited,26646
Financial Services -  MFs (Asset Management Companies),Tata Balanced Fund - Appreciation,NA
Financial Services -  MFs (Asset Management Companies),Tata Balanced Fund - Regular,NA
Plantation -  Tea and Coffee,Tata Coffee Limited,532301
Telecom -  Service Provider,Tata Communications Limited,500483
Const/Bldg Material -  Construction  -  Infrastructure,Tata Communications Limited,5252
Steel -  Steel  -  Others,Tayo Rolls Limited,504961
Chemicals -  Speciality Chemicals,Tayo Rolls Limited,NA
Chemicals -  Speciality Chemicals,Tayo Rolls Limited,523301
Chemicals -  Speciality Chemicals,Tayo Rolls Limited,12011
IT -  Software  -  Large,Tayo Rolls Limited,532755
IT -  Software  -  Large,Tayo Rolls Limited,532804
IT -  Software  -  Large,Tayo Rolls Limited,NA
IT -  Software  -  Large,Tayo Rolls Limited,509917
Others -  Miscella  -  Others,Tayo Rolls Limited,523455
Others -  Miscella  -  Others,Teem Laboratories Limited,7761
Others,Teknomin Aqua Exports (India) Limited,26065
IT -  Software  -  Small/Medium,Tele Data Informatics Limited,532358
sector,cname,bse_code
Others,Xedd Telecom Limited,30819
Telecom -  Telecom Equipment,Xedd Telecom Limited,532788
sector,cname,bse_code
Const/Bldg Material -  Construction  -  Housing/Industrial,U B E Industries Limited,23868
Const/Bldg Material -  Construction  -  Housing/Industrial,U B E Industries Limited,31610
Tourism / Hotels -  Hotels,U B E Industries Limited,526463
Tourism / Hotels -  Hotels,U P Hotels Limited,509960
Chemicals -  Chemicals  -  Others,U P Hotels Limited,24677
Financial Services -  MFs (Asset Management Companies),U P Hotels Limited,32220
Media and Entertainment -  Media and Entertainment  -  Others,U P Hotels Limited,532619
Auto Ancillaries -  Transmission and Steering,U P Hotels Limited,500464
Auto Ancillaries -  Transmission and Steering,U P Hotels Limited,11343
Banks -  NationalisedBSE,Uco Bank,11343
Cement -  Cement,Uco Bank,30131
Packaging -  Packaging,Uflex Limited,500148
Packaging -  Packaging,Uflex Limited,506685
Cement -  Cement,UltraTech Cement Limited,532538
Textile -  Textiles  -  Others,Uma Maheswari Mills Limited,30463
Pharmaceuticals -  Bulk Drugs,Umedix India Limited,24822
Food Products -  Solvent Extraction,Umred Agro Complex Limited,519477
Engineering -  Electronics,Umred Agro Complex Limited,530937
Steel -  Steel  -  Others,Uni Abex Alloy Products Limited,504605
Steel -  Steel  -  Others,Uni-Metal Alloys Limited,13482
Pharmaceuticals -  Formulations,Unichem Laboratories Limited,506690
Pharmaceuticals -  Formulations,Unichem Laboratories Limited,24087
Pharmaceuticals -  Formulations,Unichem Laboratories Limited,500427
Pharmaceuticals -  Formulations,Unichem Laboratories Limited,15017
Financial Services -  Investment,Unijolly Investment Limited,3671
Petrochemicals -  Petrochemicals,Unimers India Limited,524264
Petrochemicals -  Petrochemicals,Unimers India Limited,530321
sector,cname,bse_code
Auto Ancillaries -  Transmission and Steering,Z F Steering Gear (India) Limited,505163
Pharmaceuticals -  Formulations,Zandu Realty Limited,506720
Media and Entertainment -  Television Broadcasting,Zandu Realty Limited,505537
Media and Entertainment -  Television Broadcasting,Zee News Limited,532794
Others -  Miscella  -  Others,Zee News Limited,590032
Diversified -  Small / Medium,Zenith Birla (India) Limited,531845
Diversified -  Small / Medium,Zenith Birla (India) Limited,517164
Textile -  Textiles  -  Others,Zenith Birla (India) Limited,512553
Textile -  Textiles  -  Others,Zenith Birla (India) Limited,514266
Pharmaceuticals -  Formulations,Zenith Healthcare Limited,530665
sector,cname,bse_code
Engineering -  Electrical Equipment,S & S Industries & Enterprises Limited,23554
Power -  Power  -  Equipments,S & S Power Switchgear Limited,17273
Steel -  Steel  -  Others,S A L Steel Limited,532604
Textile -  Textiles  -  Others,S A L Steel Limited,514197
"Gems, Jewellery and watches -  Gems, Jewellery and Watches",S A L Steel Limited,513583
Housing Finance -  Housing Finance,S B I Home Finance Limited,379
Financial Services -  NBFC  -  Small / Medium,S B I Home Finance Limited,11433
Breweries and Distilleries -  Breweries and Distilleries  -  Others,S B I Home Finance Limited,7518
Financial Services -  Financial Services  -  Others,S E Investments Limited,532900
Textile -  Spinning  -  Cotton/Blends,S E L Manufacturing Company Limited,532886
Courier and Logistic Services -  Courier and Logistic Services,S E R Industries Limited,507984
Agro Inputs -  Nitrogenous/Phosphatic Fertilisers,S E R Industries Limited,7725
Financial Services -  NBFC  -  Small / Medium,S E R Industries Limited,532217
Financial Services -  NBFC  -  Small / Medium,S E R Industries Limited,523164
Financial Services -  NBFC  -  Small / Medium,S E R Industries Limited,30569
Textile -  Composite  -  Weaving/Knitting,S E R Industries Limited,514304
Textile -  Composite  -  Weaving/Knitting,S E R Industries Limited,32138
Engineering -  Textile Machinery,S M Energy Teknik & Electronics Limited,522042
Financial Services -  Investment,S M Finance Limited,11318
Pharmaceuticals -  Bulk Drugs,S O L Pharmaceuticals Limited,393
Financial Services -  NBFC  -  Small / Medium,S O L Pharmaceuticals Limited,530289
IT -  Peripherals,S P E L Semiconductor Limited,517166
IT -  Peripherals,S P E L Semiconductor Limited,530177
IT -  Peripherals,S P E L Semiconductor Limited,532249
Textile -  Other Synthetic Fibres,S R F Limited,503806
Textile -  Other Synthetic Fibres,S R F Limited,30981
Textile -  Textiles  -  Others,S R F Limited,513515
Textile -  Textiles  -  Others,S R F Limited,513151
Financial Services -  NBFC  -  Small / Medium,S R F Limited,31885
Petrochemicals -  Petrochemicals,S V C Superchem Limited,524488
Financial Services -  Investment,S V C Superchem Limited,3622
Financial Services -  Investment,S V C Superchem Limited,NA
Chemicals -  Chemicals  -  Others,Saamya Biotech (India) Limited,532905
Chemicals -  Chemicals  -  Others,Saamya Biotech (India) Limited,531901
Agro Inputs -  Nitrogenous/Phosphatic Fertilisers,Sabero Organics Gujarat Limited,524446
Agro Inputs -  Nitrogenous/Phosphatic Fertilisers,Sabero Organics Gujarat Limited,532710
Chemicals -  Chlor - alkali,Sabero Organics Gujarat Limited,506642
Plastic Processing -  Plastic processing  -  Others,Safari Industries (India) Limited,523025
Plastic Processing -  Plastic processing  -  Others,Safari Industries (India) Limited,532092
Textile -  Textiles  -  Others,Sagar Silk Industries Limited,12050
Food Products -  Solvent Extraction,Sagar Soya Products Limited,7663
Financial Services -  NBFC  -  Small / Medium,Sagar Systech Limited,511254
Tourism / Hotels -  Hotels,Sagar Tourist Resorts Limited,526085
Media and Entertainment -  Television Broadcasting,Sahara One Media and Entertainment Limited,503691
Media and Entertainment -  Television Broadcasting,Sahara One Media and Entertainment Limited,532841
Media and Entertainment -  Television Broadcasting,Sahara One Media and Entertainment Limited,531931
Media and Entertainment -  Television Broadcasting,Sahara One Media and Entertainment Limited,32118
Media and Entertainment -  Television Software,Sai Television Limited,21321
IT -  Software  -  Small/Medium,Saksoft Limited,590051
Financial Services -  NBFC  -  Small / Medium,Saksoft Limited,511066
Sugar -  Sugar,Sakthi Sugars Limited,507315
Textile -  Textiles  -  Others,Salem Textiles Limited,21052
Plastic Processing -  Tubes Pipes & Fittings,Salem Textiles Limited,26554
Others,Salem Textiles Limited,26554
Others,Salem Textiles Limited,500370
Engineering -  Electrical Equipment,Salzer Electronics Limited,517059
Food Products -  Solvent Extraction,Salzer Electronics Limited,532005
Others -  Miscella  -  Others,Salzer Electronics Limited,4345
Others -  Miscella  -  Others,Sambhaav Media Limited,511630
Others -  Miscella  -  Others,Sambhaav Media Limited,520075
Chemicals -  Chemicals  -  Others,Sambhaav Media Limited,506172
Food Products -  Food & Dairy Products,Sampre Nutritions Limited,30617
Pharmaceuticals -  Bulk Drugs,Sampre Nutritions Limited,530125
IT -  Hardware,Sampre Nutritions Limited,500371
Consumer Durables -  Picture Tubes,Sampre Nutritions Limited,500372
Consumer Durables -  Picture Tubes,Sampre Nutritions Limited,5155
Textile -  Textiles  -  Others,Sanblue Corporation Limited,521222
Textile -  Textiles  -  Others,Sanblue Corporation Limited,11563
Financial Services -  NBFC  -  Small / Medium,Sanchna Trading & Finance Limited,12125
Const/Bldg Material -  Construction and Building Materials  -  Others,Sancia Global Infraprojects Limited,532836
Shipping -  Shipping,Sancia Global Infraprojects Limited,523116
Others -  Miscella  -  Others,Sandur Laminates Limited,31316
Steel -  Steel  -  Others,Sandur Laminates Limited,504918
Paper -  Paper  -  Small,Sandur Laminates Limited,516096
Non Ferrous Metals -  Aluminium,Sangam Aluminium Limited,13297
Others -  Miscella  -  Others,Sangam Aluminium Limited,31625
Others -  Miscella  -  Others,Sanghi Corporate Services Limited,511640
Others -  Miscella  -  Others,Sanghi Corporate Services Limited,526521
Textile -  Polyesters,Sanghi Polyesters Limited,375
Others -  Miscella  -  Others,Sanghvi Movers Limited,530073
Others -  Miscella  -  Others,Sanghvi Movers Limited,531898
Food Products -  Solvent Extraction,Sanghvi Movers Limited,19405
Pharmaceuticals -  Bulk Drugs and Formulations,Sanghvi Movers Limited,531569
IT -  Software  -  Small/Medium,Sankhya Infotech Limited,532972
Financial Services -  NBFC  -  Small / Medium,Sankhya Infotech Limited,11335
Others -  Miscella  -  Others,Sanmitra Commercial Limited,512062
IT -  Software  -  Small/Medium,Sanraa Media Limited,531312
Textile -  Textiles  -  Others,Sanrhea Technical Textiles Limited,514280
Textile -  Textiles  -  Others,Sanrhea Technical Textiles Limited,11141
Textile -  Textiles  -  Others,Santosh Fine-Fab Limited,530035
Others,Santowin Polyesters Limited,12465
Others -  Miscella  -  Others,Sanvan Software Limited,31829
Others -  Miscella  -  Others,Sanvan Software Limited,531781
Others -  Miscella  -  Others,Sanvan Software Limited,6152
Chemicals -  Inorganic Chemicals,Sanvan Software Limited,532031
Chemicals -  Inorganic Chemicals,Sanvan Software Limited,512020
Sugar -  Sugar,Sanvan Software Limited,533033
Steel -  Pig Iron / Sponge Iron,Sarda Energy & Minerals Limited,504614
IT -  IT  -  Others,Sarda Energy & Minerals Limited,14488
IT -  IT  -  Others,Sarda Energy & Minerals Limited,516032
Const/Bldg Material -  Construction and Building Materials  -  Others,Sarda Plywood Industries Limited,516003
Const/Bldg Material -  Construction and Building Materials  -  Others,Sarda Plywood Industries Limited,519242
Paints -  Paints,Sarika Paints Limited,26039
Financial Services -  NBFC  -  Small / Medium,Sarika Paints Limited,11513
Textile -  Textiles  -  Others,Sarla Performance Fibers Limited,526885
Oil and Gas -  Oil and Gas  -  Others,Sarthak Industries Limited,531930
Others -  Miscella  -  Others,Sarthak Industries Limited,514412
Others -  Miscella  -  Others,Sarvamangal Mercantile Company Limited,6190
Pharmaceuticals -  Formulations,Sarvamangal Mercantile Company Limited,30501
Financial Services -  NBFC  -  Small / Medium,Sat Industries Limited,511076
Food Products -  Solvent Extraction,Satguru Agro Industries Limited,19192
Steel -  Pig Iron / Sponge Iron,Sathavahana Ispat Limited,526093
Textile -  Textiles  -  Others,Satyam Silk Mills Limited,503893
Textile -  Textiles  -  Others,Satyam Silk Mills Limited,16088
Financial Services -  NBFC  -  Small / Medium,Savani Financials Limited,511577
IT -  Software  -  Small/Medium,Saven Technologies Limited,532404
Chemicals -  Organic Chemicals,Savita Oil Technologies Limited,524667
Others,Savitri Overseas Limited,12555
Others -  Miscella  -  Others,Sawaca Business Machines Limited,31893
Others -  Miscella  -  Others,Sawaca Business Machines Limited,31603
Others -  Miscella  -  Others,Sawaca Business Machines Limited,19387
Others -  Miscella  -  Others,Sawaca Business Machines Limited,523710
Others -  Miscella  -  Others,Sawaca Business Machines Limited,NA
Food Products -  Aquaculture,Scanet Exports Limited,31260
Food Products -  Aquaculture,Scanet Exports Limited,526544
Financial Services -  Investment,Scenario Media Limited,505590
Others -  Miscella  -  Others,Scenario Media Limited,507894
Others -  Miscella  -  Others,Scenario Media Limited,505358
Auto Ancillaries -  Engine Parts,Scenario Media Limited,504908
Financial Services -  Investment,Scenario Media Limited,530269
Shipping -  Shipping,Scindia Steam Navigation Company Limited,501887
Shipping -  Shipping,Scindia Steam Navigation Company Limited,NA
Mining -  Minerals,Scindia Steam Navigation Company Limited,31886
Food Products -  Aquaculture,Scindia Steam Navigation Company Limited,30361
Financial Services -  NBFC  -  Small / Medium,Seagull Leafin Limited,31690
Shipping -  Shipping,Seagull Leafin Limited,526807
Textile -  Textiles  -  Others,Seasons Textiles Limited,514264
Textile -  Textiles  -  Others,Seasons Textiles Limited,5823
Pharmaceuticals -  Formulations,Seasons Textiles Limited,524540
Oil and Gas -  Exploration and Production,Seasons Textiles Limited,530075
Others -  Miscella  -  Others,Sellaids Publications (India) Limited,526071
Others -  Miscella  -  Others,Sellaids Publications (India) Limited,32060
Others,Sellaids Publications (India) Limited,21238
IT -  Software  -  Small/Medium,Sequel Soft India Limited,32422
IT -  Software  -  Small/Medium,Sequel Soft India Limited,512529
Others -  Miscella  -  Others,Serene Industries Limited,24067
Mining -  Minerals,Serene Industries Limited,500295
Textile -  Textiles  -  Others,Serene Industries Limited,531794
Paper -  Paper  -  Large,Seshasayee Paper & Boards Limited,502450
Const/Bldg Material -  Construction and Building Materials  -  Others,Seshasayee Paper & Boards Limited,532993
Engineering -  Power Cables,SGN Telecoms Limited,531812
Packaging -  Packaging,SGN Telecoms Limited,14458
Pharmaceuticals -  Bulk Drugs,SGN Telecoms Limited,524546
Others,SGN Telecoms Limited,509870
Food Products -  Processed Foods,SGN Telecoms Limited,519031
Others -  Miscella  -  Others,Shakti Met-Dor Limited,526510
Others -  Miscella  -  Others,Shakti Press Limited,526841
Financial Services -  NBFC  -  Small / Medium,Shalibhadra Finance Limited,511754
Textile -  Textiles  -  Others,Shalibhadra Finance Limited,14209
Textile -  Composite  -  Weaving/Knitting,Shalibhadra Finance Limited,14152
sector,cname,bse_code
Financial Services -  NBFC  -  Small / Medium,Yash Management & Satellite Limited,511601
Paper -  Paper  -  Small,Yash Management & Satellite Limited,516030
Financial Services -  NBFC  -  Small / Medium,Yash Trading & Finance Limited,512345
sector,cname,bse_code
,,501391
Engineering -  Pumps/Compressors/Drilling Equipment,W P I L Limited,505872
Engineering -  Electrical Equipment,W S Industries (India) Limited,504220
Auto Ancillaries -  Suspension and Braking,W S Industries (India) Limited,533023
Food Products -  Processed Foods,W S Industries (India) Limited,519035
Financial Services -  NBFC  -  Small / Medium,W S Industries (India) Limited,501370
Financial Services -  NBFC  -  Small / Medium,Wall Street Finance Limited,511147
Pharmaceuticals -  Bulk Drugs,Wanbury Limited,524212
Housing Finance -  Housing Finance,Wanbury Limited,512269
Housing Finance -  Housing Finance,Wanbury Limited,511690
Housing Finance -  Housing Finance,Wanbury Limited,443
Others -  Miscella  -  Others,Wanbury Limited,523660
Packaging -  Packaging,Wanbury Limited,16090
IT -  Software  -  Small/Medium,Weal Infotech Limited,NA
Others,Weal Infotech Limited,5277
Others,Websity Infosys Limited,11415
Power -  Generation and Supply,Websol Energy Systems Limited,517498
Diversified -  Small / Medium,Websol Energy Systems Limited,523011
Others -  Miscella  -  Others,Welcome Coir Industries Limited,31564
Others -  Miscella  -  Others,Welcome Coir Industries Limited,524661
sector,cname,bse_code
,,513005
Automobiles -  2/3 Wheelers,V C C L Limited,522015
Automobiles -  2/3 Wheelers,V C C L Limited,507880
Others -  Miscella  -  Others,V R Woodart Limited,523888
Others -  Miscella  -  Others,V R Woodart Limited,531266
Textile -  Other Natural Fibres,V R Woodart Limited,532893
Financial Services -  NBFC  -  Small / Medium,V R Woodart Limited,5535
IT -  Hardware,V R Woodart Limited,517399
IT -  Hardware,V R Woodart Limited,532953
Food Products -  Food & Dairy Products,Vadilal Dairy International Limited,19451
Food Products -  Food & Dairy Products,Vadilal Enterprises Limited,519152
Others -  Miscella  -  Others,Vadilal Enterprises Limited,531676
Cement -  Cement,Vaishno Cement Company Limited,26941
Cement -  Cement,Vaishno Cement Company Limited,438
IT -  Hardware,Vakrangee Softwares Limited,511431
Telecom -  Service Provider,Vakrangee Softwares Limited,526775
Packaging -  Packaging,Vallabh Poly-Plast International Limited,30403
Steel -  Steel  -  Others,Vallabh Poly-Plast International Limited,513397
Steel -  Steel  -  Others,Vallabh Poly-Plast International Limited,13715
Non Ferrous Metals -  Non Ferrous Metals  -  Others,Valley Indiana Leisure Limited,531962
Others -  Miscella  -  Others,Valley Indiana Leisure Limited,26634
Textile -  Textiles  -  Others,Valley Indiana Leisure Limited,530459
Textile -  Textiles  -  Others,Valley Indiana Leisure Limited,500945
IT -  Hardware,Vama Industries Limited,512175
Plantation -  Rubber Products,Vamshi Rubber Limited,530369
Textile -  Textiles  -  Others,Vamshi Rubber Limited,521046
Dye Stuff -  Dye Stuff,Vanavil Dyes & Chemicals Limited,6860
Dye Stuff -  Dye Stuff,Vanavil Dyes & Chemicals Limited,530109
Agro Inputs -  Pesticides,Vantech Industry Limited,30509
Agro Inputs -  Pesticides,Vantech Industry Limited,32396
Diversified -  Small / Medium,Vapi Paper Mills Limited,502589
Others,Varahi Diamonds & Finance Limited,13363
Others,Varahi Diamonds & Finance Limited,NA
Financial Services -  Investment,Vardhman Holdings Limited,500439
Financial Services -  Investment,Vardhman Holdings Limited,513534
Steel -  Steel  -  Others,Vardhman Holdings Limited,532917
Steel -  Steel  -  Others,Vardhman Holdings Limited,512511
Agro Inputs -  Pesticides,Varun Polymol Organics Limited,24059
Others,Varun Seacon Limited,26297
Shipping -  Shipping,Varun Shipping Company Limited,500465
Shipping -  Shipping,Varun Shipping Company Limited,19144
Real Estate -  Real Estate,Vascon Engineers Limited,533156
Financial Services -  NBFC  -  Small / Medium,Vatsa Corporations Limited,11371
